<?xml version="1.0" encoding="UTF-8"?>
<project-private xmlns="http://www.netbeans.org/ns/project-private/1">
    <editor-bookmarks xmlns="http://www.netbeans.org/ns/editor-bookmarks/2" lastBookmarkId="0"/>
    <open-files xmlns="http://www.netbeans.org/ns/projectui-open-files/2">
        <group>
            <file>file:/Users/zhangjianwei/Downloads/Assignment2/src/java/Part8/AddBooks.java</file>
            <file>file:/Users/zhangjianwei/Downloads/Assignment2/src/java/Part7/MovieOperation.java</file>
            <file>file:/Users/zhangjianwei/Downloads/Assignment2/src/java/Part6/DisplayExcel.java</file>
            <file>file:/Users/zhangjianwei/Downloads/Assignment2/src/java/Part1/CartOperation.java</file>
            <file>file:/Users/zhangjianwei/Downloads/Assignment2/src/java/Part5/DisplayCSV.java</file>
        </group>
    </open-files>
</project-private>
