<?xml version='1.0' encoding='utf-8'?>
<!DOCTYPE hibernate-mapping PUBLIC
        "-//Hibernate/Hibernate Mapping DTD 3.0//EN"
        "http://www.hibernate.org/dtd/hibernate-mapping-3.0.dtd">
<hibernate-mapping>
    <class name="Model.Movie" table="movies">
        <id name="id" type="java.lang.Integer">
            <column name="id"/>
            <generator class="native"/>
        </id>
        <property name="title" type="java.lang.String">
            <column name="title"/>
        </property>
        <property name="actor" type="java.lang.String">
            <column name="actor"/>
        </property>
        <property name="actress" type="java.lang.String">
            <column name="actress"/>
        </property>
        <property name="genre" type="java.lang.String">
            <column name="genre"/>
        </property>
        <property name="year" type="java.lang.Integer">
            <column name="year"/>
        </property>
    </class>
</hibernate-mapping>