<!DOCTYPE hibernate-configuration PUBLIC
        "-//Hibernate/Hibernate Configuration DTD 3.0//EN"
        "http://www.hibernate.org/dtd/hibernate-configuration-3.0.dtd">

<hibernate-configuration>
    <session-factory>
        <property name="connection.driver_class">com.mysql.jdbc.Driver</property>
        <property name="connection.url">jdbc:mysql://localhost:3306/web_customer_tracker</property>
        <property name="connection.username">root</property>
        <property name="connection.password">p@ssw0rd</property>


        <property name="dialect">org.hibernate.dialect.MySQLDialect</property>

        <property name="show_sql">true</property>


<!--        <mapping resource="hibernate/mapping/customer.hbm.xml"/>-->
<!--        <mapping class = "com.zjw.CRUDS.Customer"/>-->
    </session-factory>

</hibernate-configuration>